NODE_ID,NODE_TYPE,NODE_NAME,lat,long,NODE_ID_OL
"592","101",���ֿ��߰��Ա�������,33.484999999999999,126.543000000000006,4050005800.000000000000000
"593","101",�ƶ���,33.484000000000002,126.543000000000006,4050005801.000000000000000
"600","101",�߾ӿ������Ÿ�,33.488000000000000,126.540000000000006,4050006500.000000000000000
"601","101",�߾ӿ���������,33.488000000000000,126.540000000000006,4050006501.000000000000000
"615","101",�����߾ӽ�������,33.488999999999997,126.539000000000001,4050007100.000000000000000
"616","101",�̵��̵�2060,33.491000000000000,126.537000000000006,4050007101.000000000000000
"633","101",���ּҹ漭�ձ�����,33.491999999999997,126.536000000000001,4050008000.000000000000000
"634","101",���ּҹ漭�ձ�����,33.491999999999997,126.537000000000006,4050008001.000000000000000
"635","101",�����ʵ��б�,33.493000000000002,126.539000000000001,4050008002.000000000000000
"638","101",������������,33.493000000000002,126.536000000000001,4050008300.000000000000000
"662","101",�̵����屳����,33.494999999999997,126.534000000000006,4050010300.000000000000000
"671","101",��õ��,33.494999999999997,126.533000000000001,4050010700.000000000000000
"678","101",����������Ÿ��,33.496000000000002,126.531999999999996,4050011200.000000000000000
"679","101",�̵������Ͽ콺,33.497000000000000,126.531999999999996,4050011300.000000000000000
"680","101",���ֽó�����������,33.497999999999998,126.531000000000006,4050011400.000000000000000
"684","101",���ֽ�û���չο���,33.500000000000000,126.530000000000001,4050011600.000000000000000
"685","101",GS�����Ұź���,33.499000000000002,126.503000000000000,4050011700.000000000000000
"686","101",���������Ÿ�,33.500000000000000,126.519999999999996,4050011800.000000000000000
"687","101",�ﵵ�ϵ�585-35,33.500000000000000,126.522999999999996,4050011801.000000000000000
"688","101",�����Ա�,33.500000000000000,126.525000000000006,4050011900.000000000000000
"689","101",�ѱ�������,33.500000000000000,126.516000000000005,4050012000.000000000000000
"690","103",�Ӽ���ȭ��,33.500000000000000,126.516000000000005,4050012100.000000000000000
"691","101",���հ������Ա�������,33.500000000000000,126.513000000000005,4050012200.000000000000000
"692","104",���걳,33.500000000000000,126.512000000000000,4050012201.000000000000000
"693","101",�����ڵ������ֱ�������,33.500000000000000,126.513999999999996,4050012202.000000000000000
"694","101",CGV������,33.500000000000000,126.527000000000001,4050012300.000000000000000
"695","101",�������Ÿ�,33.500000000000000,126.506000000000000,4050012400.000000000000000
"696","101",�������Ÿ�,33.500999999999998,126.528999999999996,4050012500.000000000000000
"697","101",����ȸ��,33.500999999999998,126.530000000000001,4050012600.000000000000000
"698","101",�Ｚ�ǿ����Ÿ�,33.502000000000002,126.531999999999996,4050012700.000000000000000
"699","101",����ȸ���ձ�����,33.503999999999998,126.536000000000001,4050012800.000000000000000
"700","101",�����米,33.503000000000000,126.534999999999997,4050012801.000000000000000
"701","101",KAL���Ÿ�,33.505000000000003,126.525999999999996,4050012900.000000000000000
"704","101",����KALȣ��,33.506000000000000,126.525999999999996,4050013100.000000000000000
"708","101",�������Ÿ�,33.506999999999998,126.540000000000006,4050013400.000000000000000
"709","101",CU���ֽù���,33.508000000000003,126.524000000000001,4050013500.000000000000000
"710","101",�̵��ϵ�1525-2,33.509000000000000,126.524000000000001,4050013501.000000000000000
"711","101",�������Ÿ�,33.509000000000000,126.522999999999996,4050013700.000000000000000
"712","101",������ȸ,33.509999999999998,126.543000000000006,4050013800.000000000000000
"713","101",�����ڹ����ձ�����,33.512000000000000,126.548000000000002,4050013900.000000000000000
"714","101",�߾ӷλ�������������,33.511000000000003,126.524000000000001,4050014000.000000000000000
"715","101",�̵��ϵ�1932-42,33.512000000000000,126.525000000000006,4050014001.000000000000000
"716","101",�������ֹڹ���,33.512000000000000,126.549000000000007,4050014100.000000000000000
"719","101",�߾ӻ��Ÿ�,33.512999999999998,126.525000000000006,4050014300.000000000000000
"720","101",�ϵ��ϵ�1492-1,33.515000000000001,126.525000000000006,4050014301.000000000000000
"802","101",����3��,33.481000000000002,126.525000000000006,4050021700.000000000000000
"803","101",������1253-2,33.481000000000002,126.519000000000005,4050021800.000000000000000
"804","101",������1052,33.487000000000002,126.519999999999996,4050021801.000000000000000
"805","104",����2������,33.481000000000002,126.518000000000001,4050021900.000000000000000
"806","104",����2������,33.481000000000002,126.516999999999996,4050022000.000000000000000
"808","101",�����̵�3828,33.481000000000002,126.516000000000005,4050022200.000000000000000
"809","101",�����̵�957-6,33.487000000000002,126.518000000000001,4050022201.000000000000000
"819","101",GS�����ҿ���,33.481000000000002,126.530000000000001,4050023000.000000000000000
"820","101",������1070,33.488999999999997,126.528999999999996,4050023001.000000000000000
"821","101",������1287,33.487000000000002,126.530000000000001,4050023002.000000000000000
"822","101",�ƶ��ϵ�2547-1,33.484999999999999,126.536000000000001,4050023003.000000000000000
"823","101",�ƶ��ϵ�2489-3,33.484999999999999,126.537000000000006,4050023004.000000000000000
"862","101",���긶���Ա�,33.482999999999997,126.537999999999997,4050026300.000000000000000
"869","101",���ֿ������б�,33.484000000000002,126.539000000000001,4050027000.000000000000000
"891","101",������ġ������,33.484999999999999,126.543999999999997,4050028900.000000000000000
"903","101",������,33.484999999999999,126.537000000000006,4050030200.000000000000000
"907","101",GS25���ְ�������,33.485999999999997,126.543999999999997,4050030600.000000000000000
"925","101",�򰭱�ȸ,33.485999999999997,126.537999999999997,4050032300.000000000000000
"926","101",�ƶ��ϵ�2470-4,33.487000000000002,126.539000000000001,4050032301.000000000000000
"949","101",�ƶ��ڵ���������,33.488000000000000,126.548000000000002,4050034500.000000000000000
"960","101",��ĥ�ϾȽ��Ͽ����縲�����ֽñ�ȸ,33.488000000000000,126.549000000000007,4050035500.000000000000000
"966","103",�Ӽ���ȭ��,33.488000000000000,126.510999999999996,4050036100.000000000000000
"967","101",�����̵�1983-2,33.488999999999997,126.510999999999996,4050036101.000000000000000
"968","101",�����̵�1363-3,33.488999999999997,126.512000000000000,4050036102.000000000000000
"969","103",�Ӽ���ȭ��,33.488000000000000,126.515000000000001,4050036200.000000000000000
"970","101",�����̵�1393-8,33.488999999999997,126.513999999999996,4050036201.000000000000000
"972","101",���򱳳���,33.488999999999997,126.518000000000001,4050036400.000000000000000
"977","101",�����ʵ��б�,33.488999999999997,126.513999999999996,4050036900.000000000000000
"978","101",�����ʵ��б�,33.488999999999997,126.513000000000005,4050036901.000000000000000
"980","104",���򱳺���,33.488999999999997,126.518000000000001,4050037100.000000000000000
"984","101",��õ1��,33.488999999999997,126.551000000000002,4050037500.000000000000000
"988","101",������,33.488999999999997,126.519000000000005,4050037900.000000000000000
"989","101",������1042-2,33.490000000000002,126.519000000000005,4050037901.000000000000000
"990","101",������1039-3,33.491000000000000,126.519000000000005,4050037902.000000000000000
"1005","101",����5��,33.490000000000002,126.543999999999997,4050039300.000000000000000
"1006","101",�ƶ��̵�1262-6,33.490000000000002,126.545000000000002,4050039301.000000000000000
"1011","101",��õ1��,33.490000000000002,126.552000000000007,4050039600.000000000000000
"1012","101",�̵��ְ�2��������Ʈ,33.490000000000002,126.534000000000006,4050039700.000000000000000
"1013","101",���ּҹ漭�ձ�����,33.491000000000000,126.536000000000001,4050039701.000000000000000
"1014","101",�ʷϿ����������,33.490000000000002,126.528999999999996,4050039900.000000000000000
"1015","101",������91-2,33.490000000000002,126.528000000000006,4050039901.000000000000000
"1016","101",���ƾ���Ʈ���Ÿ�,33.488000000000000,126.531000000000006,4050039902.000000000000000
"1017","101",�̵��̵�747,33.488999999999997,126.531999999999996,4050039903.000000000000000
"1018","101",���ƾ���Ʈ���Ÿ�,33.488999999999997,126.530000000000001,4050039904.000000000000000
"1019","101",��õ1��,33.490000000000002,126.552000000000007,4050040000.000000000000000
"1049","101",�������Ÿ�,33.491999999999997,126.528000000000006,4050043000.000000000000000
"1050","101",������91-2,33.491999999999997,126.525000000000006,4050043001.000000000000000
"1053","101",���뱳,33.491999999999997,126.521000000000001,4050043300.000000000000000
"1054","101",�����̵����Ϻ���ü����Ʈ,33.491999999999997,126.546999999999997,4050043400.000000000000000
"1055","101",���Ǽһ��Ÿ�,33.491999999999997,126.519999999999996,4050043500.000000000000000
"1058","101",���ְ��й�ȭ��ȸ,33.491999999999997,126.516999999999996,4050043800.000000000000000
"1061","101",������,33.493000000000002,126.515000000000001,4050044100.000000000000000
"1069","101",�����ڵ����Ѷ��븮��,33.493000000000002,126.510999999999996,4050044500.000000000000000
"1071","101",ĳ��������������,33.493000000000002,126.507999999999996,4050044700.000000000000000
"1074","101",��������Ʈ,33.493000000000002,126.531000000000006,4050044900.000000000000000
"1075","101",����ȭ����Ʈ������,33.493000000000002,126.549000000000007,4050045000.000000000000000
"1076","101",�̵��̵�150-1,33.494000000000000,126.548000000000002,4050045001.000000000000000
"1077","101",�̵��̵�256-4,33.496000000000002,126.548000000000002,4050045002.000000000000000
"1080","101",�̵��̵�66-1,33.494000000000000,126.549999999999997,4050045300.000000000000000
"1081","101",�����ѱ�ȸ,33.494000000000000,126.519999999999996,4050045400.000000000000000
"1082","101",�������հ����峲��,33.494000000000000,126.516000000000005,4050045500.000000000000000
"1083","101",�����������б�,33.494999999999997,126.540999999999997,4050045600.000000000000000
"1086","104",����4��,33.494999999999997,126.540999999999997,4050045800.000000000000000
"1087","101",����4��,33.494999999999997,126.540999999999997,4050045900.000000000000000
"1088","101",���հ����屳����,33.494999999999997,126.519999999999996,4050046000.000000000000000
"1090","101",�������Ÿ�,33.494999999999997,126.527000000000001,4050046200.000000000000000
"1091","101",�׿�ķ�۽�21,33.496000000000002,126.534999999999997,4050046300.000000000000000
"1092","101",�Ķ����������,33.496000000000002,126.534000000000006,4050046400.000000000000000
"1094","101",�������հ����弭��,33.496000000000002,126.512000000000000,4050046600.000000000000000
"1095","101",��2���걳,33.496000000000002,126.512000000000000,4050046700.000000000000000
"1096","101",�������Ÿ�,33.496000000000002,126.527000000000001,4050046800.000000000000000
"1097","101",����������Ÿ������Ʈ,33.496000000000002,126.543000000000006,4050046900.000000000000000
"1098","101",�׿�ķ�۽�21,33.496000000000002,126.534000000000006,4050047000.000000000000000
"1099","101",�����Ϸ������ֿ�������,33.496000000000002,126.509000000000000,4050047100.000000000000000
"1101","101",LG����Ʈ�������̵���,33.496000000000002,126.536000000000001,4050047300.000000000000000
"1104","101",�Ķ����������,33.496000000000002,126.533000000000001,4050047500.000000000000000
"1105","101",�������൵������,33.497000000000000,126.530000000000001,4050047600.000000000000000
"1106","101",�̵�2��������������,33.497000000000000,126.534999999999997,4050047700.000000000000000
"1107","101",�Ķ����������,33.497000000000000,126.534000000000006,4050047800.000000000000000
"1108","101",û������Ȧ,33.497000000000000,126.533000000000001,4050047900.000000000000000
"1109","101",�ϴñ׸�5��,33.497000000000000,126.537000000000006,4050048000.000000000000000
"1110","101",����3��,33.497000000000000,126.542000000000002,4050048100.000000000000000
"1111","101",����3��,33.497000000000000,126.540999999999997,4050048200.000000000000000
"1112","101",������924-7,33.497000000000000,126.527000000000001,4050048300.000000000000000
"1113","101",�߾Ӿ����,33.497000000000000,126.533000000000001,4050048400.000000000000000
"1114","101",����������������,33.497000000000000,126.536000000000001,4050048500.000000000000000
"1116","101",�Ѹ����������Ÿ�,33.497000000000000,126.546000000000006,4050048700.000000000000000
"1117","101",���ѱ׸�������,33.497999999999998,126.534999999999997,4050048800.000000000000000
"1118","101",������,33.497999999999998,126.537999999999997,4050048900.000000000000000
"1119","101",�߾Ӿ����,33.497999999999998,126.534000000000006,4050049000.000000000000000
"1120","101",��2������,33.497999999999998,126.516000000000005,4050049100.000000000000000
"1121","101",������,33.497999999999998,126.519999999999996,4050049200.000000000000000
"1122","101",�ѱ����°���������������,33.497999999999998,126.537000000000006,4050049300.000000000000000
"1123","101",�渲�ִн���,33.497999999999998,126.546999999999997,4050049400.000000000000000
"1124","101",�ﱹ����,33.497999999999998,126.536000000000001,4050049500.000000000000000
"1125","101",�������հ���������,33.497999999999998,126.513999999999996,4050049600.000000000000000
"1126","104",��2������,33.497999999999998,126.516000000000005,4050049700.000000000000000
"1128","101",�����ö���,33.497999999999998,126.513000000000005,4050049900.000000000000000
"1129","101",���������������ְ�������,33.499000000000002,126.540000000000006,4050050000.000000000000000
"1130","101",�߾Ӿ����,33.499000000000002,126.534000000000006,4050050100.000000000000000
"1131","103",�Ӽ���ȭ��,33.499000000000002,126.527000000000001,4050050200.000000000000000
"1132","101",CU���ֻ�����,33.499000000000002,126.534000000000006,4050050300.000000000000000
"1133","101",�ѱ����°���,33.499000000000002,126.537000000000006,4050050400.000000000000000
"1134","101",�ٷκ�������,33.499000000000002,126.545000000000002,4050050500.000000000000000
"1135","101",����2��,33.499000000000002,126.540999999999997,4050050600.000000000000000
"1136","101",�����ϵ��븲2������Ʈ,33.500000000000000,126.549999999999997,4050050700.000000000000000
"1138","101",�ּ�ī��,33.500000000000000,126.536000000000001,4050050900.000000000000000
"1139","101",�÷�������,33.500000000000000,126.537999999999997,4050051000.000000000000000
"1140","101",���ֽ�û,33.500000000000000,126.531000000000006,4050051100.000000000000000
"1141","101",�����Ǽ�,33.500000000000000,126.536000000000001,4050051200.000000000000000
"1144","101",����������ȣ��,33.500999999999998,126.531999999999996,4050051400.000000000000000
"1145","101",�����������Ÿ�,33.500999999999998,126.543999999999997,4050051500.000000000000000
"1146","101",�����ʵ��б�,33.500999999999998,126.548000000000002,4050051600.000000000000000
"1147","101",����1��,33.500999999999998,126.540000000000006,4050051700.000000000000000
"1148","101",���ɱ�,33.500999999999998,126.537000000000006,4050051800.000000000000000
"1151","101",����YMCA��ġ��,33.502000000000002,126.519999999999996,4050052100.000000000000000
"1152","101",���̽���Ʈ��,33.502000000000002,126.516999999999996,4050052200.000000000000000
"1153","101",����Ư����ġ������û���꼾��,33.502000000000002,126.515000000000001,4050052300.000000000000000
"1154","101",����������������,33.502000000000002,126.513000000000005,4050052400.000000000000000
"1155","101",KB��������,33.502000000000002,126.543000000000006,4050052500.000000000000000
"1156","101",���ֵ��ΰ�����,33.503000000000000,126.537000000000006,4050052600.000000000000000
"1157","101",�ϵ�ü������,33.503000000000000,126.546999999999997,4050052700.000000000000000
"1159","101",��3��õ��,33.503000000000000,126.510999999999996,4050052900.000000000000000
"1160","101",Ž���׸���,33.503000000000000,126.504999999999995,4050053000.000000000000000
"1162","103",�Ӽ���ȭ��,33.503000000000000,126.516999999999996,4050053200.000000000000000
"1164","103",�Ӽ���ȭ��,33.503000000000000,126.542000000000002,4050053400.000000000000000
"1167","101",Sh���������ϵ�����,33.503999999999998,126.542000000000002,4050053700.000000000000000
"1170","101",�������ᱳȸ,33.503999999999998,126.546000000000006,4050054000.000000000000000
"1173","101",������ũ����ī,33.503999999999998,126.506000000000000,4050054300.000000000000000
"1174","101",�������Ÿ�,33.503999999999998,126.504000000000005,4050054400.000000000000000
"1176","101",�켺����Ʈ���Ÿ�,33.503999999999998,126.551000000000002,4050054600.000000000000000
"1177","101",���������Կ��ǽ���,33.503999999999998,126.519999999999996,4050054700.000000000000000
"1178","101",�ﵵ�ϵ�273,33.503999999999998,126.522999999999996,4050054701.000000000000000
"1180","101",�Ե����ⱳ����,33.503999999999998,126.507000000000005,4050054900.000000000000000
"1181","101",�����̵�2813-1,33.506000000000000,126.509000000000000,4050054901.000000000000000
"1182","101",��������������ȸ,33.503999999999998,126.516999999999996,4050055000.000000000000000
"1186","101",���������ڻ����ֵ�����,33.503999999999998,126.513999999999996,4050055400.000000000000000
"1187","101",KT��������,33.505000000000003,126.525000000000006,4050055500.000000000000000
"1188","101",����ȣ��,33.505000000000003,126.513000000000005,4050055600.000000000000000
"1197","101",�Ｚ��,33.506000000000000,126.528999999999996,4050056500.000000000000000
"1198","101",������������Ʈ,33.506000000000000,126.543999999999997,4050056600.000000000000000
"1202","101",��������Ʈ,33.506000000000000,126.513999999999996,4050057000.000000000000000
"1203","101",�Ｚ��,33.506000000000000,126.528999999999996,4050057100.000000000000000
"1204","101",�ϵ��̵�996-3,33.506999999999998,126.530000000000001,4050057101.000000000000000
"1206","101",�ϵ���õ��2������Ʈ,33.506999999999998,126.546000000000006,4050057300.000000000000000
"1207","101",ȣ���������Ÿ�,33.508000000000003,126.534000000000006,4050057400.000000000000000
"1209","101",���������,33.509000000000000,126.525999999999996,4050057600.000000000000000
"1210","101",�̵��ϵ�1549-1,33.509000000000000,126.525999999999996,4050057601.000000000000000
"1211","101",���㿬��,33.509000000000000,126.516000000000005,4050057700.000000000000000
"1212","101",�����ϵ�2583,33.509000000000000,126.516000000000005,4050057701.000000000000000
"1213","101",�����ϵ�2583,33.509000000000000,126.516999999999996,4050057702.000000000000000
"1216","101",�빮���͸�,33.509000000000000,126.510000000000005,4050058000.000000000000000
"1217","101",�������͸�,33.509000000000000,126.519999999999996,4050058100.000000000000000
"1222","104",��õ������,33.509000000000000,126.510999999999996,4050058300.000000000000000
"1223","101",��õ������,33.509000000000000,126.512000000000000,4050058400.000000000000000
"1224","101",�����ϵ�2581-4,33.509999999999998,126.512000000000000,4050058401.000000000000000
"1226","101",������,33.509999999999998,126.525999999999996,4050058600.000000000000000
"1227","101",�츣���ƾ���Ʈ,33.509999999999998,126.504999999999995,4050058700.000000000000000
"1228","101",�����Ϸ���,33.509999999999998,126.503000000000000,4050058800.000000000000000
"1229","101",�����̵�2580-12,33.511000000000003,126.503000000000000,4050058801.000000000000000
"1230","101",�����̵�924-7,33.512000000000000,126.503000000000000,4050058802.000000000000000
"1231","101",�۽���ȣ��,33.509999999999998,126.519999999999996,4050058900.000000000000000
"1232","101",�ﵵ�ϵ�2578,33.509999999999998,126.519999999999996,4050058901.000000000000000
"1233","101",�����ϵ�2578,33.512000000000000,126.519999999999996,4050058902.000000000000000
"1234","101",����������,33.509999999999998,126.525999999999996,4050059000.000000000000000
"1235","101",�̵��ϵ�1422-6,33.511000000000003,126.525000000000006,4050059001.000000000000000
"1237","101",�������Ÿ�,33.509999999999998,126.513999999999996,4050059200.000000000000000
"1238","101",�����ϵ�295-2,33.511000000000003,126.516000000000005,4050059201.000000000000000
"1239","101",�������Ÿ�,33.511000000000003,126.513999999999996,4050059202.000000000000000
"1240","104",����������,33.509999999999998,126.527000000000001,4050059300.000000000000000
"1241","101",�ϵ��̵�1050-1,33.511000000000003,126.528999999999996,4050059301.000000000000000
"1242","101",���������,33.511000000000003,126.513999999999996,4050059400.000000000000000
"1243","101",�����̵�2581,33.512000000000000,126.513000000000005,4050059401.000000000000000
"1246","101",���ֳ���,33.511000000000003,126.516999999999996,4050059600.000000000000000
"1247","101",�ϵ��̵�1050-1,33.512000000000000,126.531000000000006,4050059700.000000000000000
"1250","101",��������,33.512000000000000,126.512000000000000,4050060100.000000000000000
"1251","101",�����̵�456-13,33.515000000000001,126.513999999999996,4050060101.000000000000000
"1253","101",�ϵ�2���ֹμ���,33.512000000000000,126.537999999999997,4050060300.000000000000000
"1255","101",�����ڹ�����,33.512000000000000,126.548000000000002,4050060500.000000000000000
"1259","101",���ֽ�û�ҳ����ð�,33.512000000000000,126.546000000000006,4050060800.000000000000000
"1260","101",�������Ÿ�,33.512000000000000,126.519000000000005,4050060900.000000000000000
"1262","101",���ּ��ʵ��б�,33.512999999999998,126.510000000000005,4050061100.000000000000000
"1264","103",�Ӽ���ȭ��,33.512999999999998,126.509000000000000,4050061300.000000000000000
"1267","101",������������������,33.512999999999998,126.519999999999996,4050061600.000000000000000
"1268","101",���ֻ����μ������б�,33.512999999999998,126.507999999999996,4050061700.000000000000000
"1269","101",�����̵�592-4,33.512999999999998,126.507000000000005,4050061701.000000000000000
"1271","103",�Ӽ���ȭ��,33.512999999999998,126.530000000000001,4050061900.000000000000000
"1272","101",�ϵ��ϵ�1170-1,33.512999999999998,126.528999999999996,4050061901.000000000000000
"1274","101",���ֱ�ȸ,33.512999999999998,126.543999999999997,4050062100.000000000000000
"1275","101",�������͸�,33.512999999999998,126.528000000000006,4050062200.000000000000000
"1276","101",�ϵ��ϵ�1196-1,33.514000000000003,126.528000000000006,4050062201.000000000000000
"1277","101",��Ÿ��������ĥ����,33.512999999999998,126.525000000000006,4050062300.000000000000000
"1278","101",��ȭ���������,33.512999999999998,126.503000000000000,4050062400.000000000000000
"1279","101",�����ﵿ973-1,33.514000000000003,126.503000000000000,4050062401.000000000000000
"1280","101",�ΰ��׾�ū��,33.512999999999998,126.506000000000000,4050062500.000000000000000
"1282","101",���ֳ�����������,33.512999999999998,126.531999999999996,4050062700.000000000000000
"1283","101",���Ե�������������,33.515000000000001,126.531999999999996,4050062701.000000000000000
"1285","101",���ֱ�ȸ,33.512999999999998,126.542000000000002,4050062900.000000000000000
"1288","103",�Ӽ���ȭ��,33.514000000000003,126.534000000000006,4050063200.000000000000000
"1289","101",�ϵ��̵�1050-1,33.514000000000003,126.534999999999997,4050063201.000000000000000
"1299","101",CU���ֹ��ټ���,33.514000000000003,126.519999999999996,4050064200.000000000000000
"1300","101",���������Ÿ�,33.514000000000003,126.537999999999997,4050064300.000000000000000
"1301","101",���Ե�711,33.517000000000003,126.537999999999997,4050064301.000000000000000
"1304","101",����������������,33.514000000000003,126.518000000000001,4050064600.000000000000000
"1306","101",�ϼ���,33.515000000000001,126.528999999999996,4050064800.000000000000000
"1309","103",�Ӽ���ȭ��,33.515000000000001,126.528999999999996,4050065100.000000000000000
"1310","101",�ϼ���,33.515000000000001,126.528999999999996,4050065200.000000000000000
"1311","101",���ֽð����ȳ�����,33.515000000000001,126.510999999999996,4050065300.000000000000000
"1312","102",�ϼ���,33.515000000000001,126.528000000000006,4050065400.000000000000000
"1318","101",����������,33.515000000000001,126.516999999999996,4050066100.000000000000000
"1323","101",����������������,33.515999999999998,126.525000000000006,4050066500.000000000000000
"1324","101",������,33.515999999999998,126.519000000000005,4050066600.000000000000000
"1325","101",�ﵵ�̵�1116-5,33.515999999999998,126.519999999999996,4050066601.000000000000000
"1326","103",�Ӽ���ȭ��,33.515999999999998,126.522999999999996,4050066700.000000000000000
"1327","101",���̺�,33.515999999999998,126.522999999999996,4050066800.000000000000000
"1328","103",�Ӽ���ȭ��,33.515999999999998,126.522000000000006,4050066900.000000000000000
"1329","101",���ֻ����μ����б�,33.515999999999998,126.507999999999996,4050067000.000000000000000
"1330","101",�����ﵿ1064-3,33.515999999999998,126.507000000000005,4050067001.000000000000000
"1331","101",�����ﵿ2580,33.515999999999998,126.506000000000000,4050067002.000000000000000
"1332","101",�����ﵿ1064-3,33.515999999999998,126.506000000000000,4050067003.000000000000000
"1333","102",�����������Ա�,33.515999999999998,126.548000000000002,4050067100.000000000000000
"1334","101",������,33.515999999999998,126.531000000000006,4050067300.000000000000000
"1335","101",���Ե�984-98,33.517000000000003,126.531999999999996,4050067301.000000000000000
"1336","101",���Ե�984-124,33.518000000000001,126.534000000000006,4050067302.000000000000000
"1337","101",���Ե�984-11,33.517000000000003,126.531999999999996,4050067303.000000000000000
"1338","104",������,33.517000000000003,126.530000000000001,4050067400.000000000000000
"1339","101",���Ե�1388-18,33.515999999999998,126.528000000000006,4050067401.000000000000000
"1340","101",ž�����Ÿ�,33.517000000000003,126.525000000000006,4050067500.000000000000000
"1341","101",���ֿ�����Żȣ��,33.518000000000001,126.519999999999996,4050067501.000000000000000
"1342","101",�����ȷ���ȣ��,33.517000000000003,126.524000000000001,4050067502.000000000000000
"1343","101",���̿��䷻Ż,33.517000000000003,126.516999999999996,4050067600.000000000000000
"1344","101",ī�亣�����ֿ����ؾȷ���,33.517000000000003,126.501999999999995,4050067700.000000000000000
"1345","101",�ٴ���ġ,33.518000000000001,126.516000000000005,4050067800.000000000000000
"1346","101",���ֿ�����Żȣ��,33.518000000000001,126.519000000000005,4050067900.000000000000000
"1347","103",�Ӽ���ȭ��,33.518000000000001,126.525000000000006,4050068000.000000000000000
"1348","101",�ﵵ�̵�1264,33.518999999999998,126.524000000000001,4050068001.000000000000000
"1349","103",�Ӽ���ȭ��,33.518999999999998,126.516999999999996,4050068100.000000000000000
"1350","103",�Ӽ���ȭ��,33.518999999999998,126.521000000000001,4050068200.000000000000000
"1351","101",�ﵵ�̵�1264,33.518999999999998,126.519999999999996,4050068201.000000000000000
"1352","103",�Ӽ���ȭ��,33.518999999999998,126.534999999999997,4050068300.000000000000000
"1353","101",õ�����纸ȣ�米����,33.518999999999998,126.519000000000005,4050068400.000000000000000
"1356","101",��6�εα�����,33.521999999999998,126.543999999999997,4050068700.000000000000000
"1359","102",�����ױ��������͹̳��Ա�,33.523000000000003,126.545000000000002,4050068900.000000000000000
"1515","102",�����̵�1998-1,33.488999999999997,126.510000000000005,4050088300.000000000000000
"1516","101",�����̵�3827-6,33.488000000000000,126.513000000000005,4050088400.000000000000000
"1517","101",�����̵�3827-6,33.487000000000002,126.513000000000005,4050088500.000000000000000
"1518","102",�����̵�3827-6,33.487000000000002,126.513000000000005,4050088600.000000000000000
"1519","101",������1070,33.487000000000002,126.524000000000001,4050088700.000000000000000
"1520","104",����1��,33.487000000000002,126.518000000000001,4050088800.000000000000000
"1521","104",����1��,33.487000000000002,126.519000000000005,4050088900.000000000000000
"1522","101",������1052,33.487000000000002,126.519999999999996,4050089000.000000000000000
"1523","101",������1070,33.488000000000000,126.528000000000006,4050089100.000000000000000
"1524","101",������1070,33.488999999999997,126.524000000000001,4050089200.000000000000000
"1525","101",������1058,33.490000000000002,126.525999999999996,4050089300.000000000000000
"1526","101",������1058,33.490000000000002,126.524000000000001,4050089400.000000000000000
"1527","101",������1052,33.490000000000002,126.519999999999996,4050089500.000000000000000
"1528","101",������1052,33.490000000000002,126.519999999999996,4050089600.000000000000000
"1529","101",������668,33.488999999999997,126.519999999999996,4050089700.000000000000000
"1530","101",������91-2,33.491000000000000,126.527000000000001,4050089800.000000000000000
"1531","102",�����̵�2580-80,33.512000000000000,126.504000000000005,4050089900.000000000000000
"1532","101",�̵��ʵ��б�,33.487000000000002,126.531999999999996,4050090000.000000000000000
"1533","101",�ƶ��ϵ�2044,33.485999999999997,126.534000000000006,4050090100.000000000000000
"1534","101",�ƶ��ϵ�6041,33.485999999999997,126.536000000000001,4050090200.000000000000000
"1535","101",�ƶ��ϵ�6040,33.484999999999999,126.534999999999997,4050090300.000000000000000
"1536","101",�ƶ��ϵ�6039,33.484999999999999,126.534999999999997,4050090400.000000000000000
"1537","101",�ƶ��ϵ�2048,33.485999999999997,126.534999999999997,4050090500.000000000000000
"1538","101",�̵��̵�2048,33.487000000000002,126.534999999999997,4050090600.000000000000000
"1539","101",�̵��̵�2045,33.488000000000000,126.533000000000001,4050090700.000000000000000
"1540","101",�̵��̵�2059,33.490000000000002,126.537000000000006,4050090800.000000000000000
"1541","101",�̵��̵�2057,33.488000000000000,126.539000000000001,4050090900.000000000000000
"1542","101",�̵��̵�2059,33.488000000000000,126.539000000000001,4050091000.000000000000000
"1543","101",�̵��̵�2059,33.488999999999997,126.539000000000001,4050091100.000000000000000
"1544","101",�̵��̵�2051,33.488999999999997,126.534999999999997,4050091200.000000000000000
"1545","101",�̵��̵�2051,33.488000000000000,126.536000000000001,4050091300.000000000000000
"1546","101",�̵��̵�2051,33.487000000000002,126.536000000000001,4050091400.000000000000000
"1547","101",�ƶ��ϵ�2051,33.487000000000002,126.537000000000006,4050091500.000000000000000
"1548","102",�̵��̵�2055,33.488999999999997,126.536000000000001,4050091600.000000000000000
"1549","102",�̵��̵�1085-3,33.491999999999997,126.534999999999997,4050091700.000000000000000
"1550","102",�̵��̵�1085-5,33.493000000000002,126.537000000000006,4050091800.000000000000000
"1551","101",�ƶ��̵�2075,33.494000000000000,126.542000000000002,4050091900.000000000000000
"1552","101",�ƶ��̵�3015,33.491999999999997,126.543000000000006,4050092000.000000000000000
"1553","101",�ƶ��̵�3015,33.491000000000000,126.543999999999997,4050092100.000000000000000
"1554","101",�ƶ��̵�3022,33.491999999999997,126.542000000000002,4050092200.000000000000000
"1555","101",�̵��̵�2066,33.491000000000000,126.540999999999997,4050092300.000000000000000
"1556","101",�̵��̵�2065,33.491000000000000,126.542000000000002,4050092400.000000000000000
"1557","101",�ƶ��̵�3022,33.493000000000002,126.540999999999997,4050092500.000000000000000
"1558","101",�̵��̵�2062,33.493000000000002,126.540000000000006,4050092600.000000000000000
"1559","101",�̵��̵�2062,33.491999999999997,126.539000000000001,4050092700.000000000000000
"1560","101",�̵��̵�2061,33.491000000000000,126.537999999999997,4050092800.000000000000000
"1561","101",�̵��̵�2061,33.491999999999997,126.537999999999997,4050092900.000000000000000
"1562","101",�̵��̵�2066,33.490000000000002,126.539000000000001,4050093000.000000000000000
"1563","101",�����ʵ��б�,33.493000000000002,126.539000000000001,4050093100.000000000000000
"1564","102",�̵��̵�2065,33.490000000000002,126.543000000000006,4050093200.000000000000000
"1565","101",�ƶ��̵�3018,33.493000000000002,126.543999999999997,4050093300.000000000000000
"1566","101",�ƶ��̵�3015,33.491000000000000,126.543999999999997,4050093400.000000000000000
"1567","101",Ž�����б�,33.493000000000002,126.545000000000002,4050093500.000000000000000
"1568","101",�̵��̵�2084,33.494000000000000,126.546999999999997,4050093600.000000000000000
"1569","101",�̵��̵�2080,33.494999999999997,126.546000000000006,4050093700.000000000000000
"1570","102",�̵��̵�2078,33.494999999999997,126.546000000000006,4050093800.000000000000000
"1571","101",�̵��̵�2080,33.494000000000000,126.545000000000002,4050093900.000000000000000
"1572","101",�ƶ��̵�2077,33.493000000000002,126.543999999999997,4050094000.000000000000000
"1573","101",�ƶ��̵�3016,33.493000000000002,126.543000000000006,4050094100.000000000000000
"1574","101",�ƶ��̵�3016,33.494000000000000,126.542000000000002,4050094200.000000000000000
"1575","101",�ƶ��̵�3017,33.493000000000002,126.543000000000006,4050094300.000000000000000
"1576","101",�̵��̵�2075,33.494000000000000,126.543000000000006,4050094400.000000000000000
"1577","101",�̵��̵�2077,33.494999999999997,126.543000000000006,4050094500.000000000000000
"1578","101",�̵��̵�2075,33.494000000000000,126.542000000000002,4050094600.000000000000000
"1579","102",�̵��̵�2074,33.494999999999997,126.540999999999997,4050094700.000000000000000
"1580","101",�ƶ��̵�2075,33.494000000000000,126.542000000000002,4050094800.000000000000000
"1581","102",������800,33.494000000000000,126.522000000000006,4050094900.000000000000000
"1582","102",�����̵�617-38,33.511000000000003,126.507999999999996,4050095000.000000000000000
"1583","102",�����̵�2693-8,33.503999999999998,126.510999999999996,4050095100.000000000000000
"1584","102",�����̵�833,33.509999999999998,126.501000000000005,4050095200.000000000000000
"1585","102",�����̵�909-9,33.512000000000000,126.501000000000005,4050095300.000000000000000
"1586","101",�����ϵ�295-48,33.509999999999998,126.516000000000005,4050095400.000000000000000
"1587","101",�����ϵ�220-44,33.509999999999998,126.516000000000005,4050095500.000000000000000
"1588","101",�����ϵ�228-46,33.509000000000000,126.516000000000005,4050095600.000000000000000
"1589","101",�����ϵ�221-1,33.509999999999998,126.516000000000005,4050095700.000000000000000
"1590","101",�����ϵ�2578,33.509000000000000,126.516999999999996,4050095800.000000000000000
"1591","101",�����ϵ�2578,33.509999999999998,126.518000000000001,4050095900.000000000000000
"1592","101",�����ϵ�2578,33.509999999999998,126.518000000000001,4050096000.000000000000000
"1593","101",�����ϵ�2578,33.509999999999998,126.519000000000005,4050096100.000000000000000
"1594","101",�����ϵ�140-2,33.511000000000003,126.518000000000001,4050096200.000000000000000
"1595","102",�����ϵ�135-46,33.511000000000003,126.518000000000001,4050096300.000000000000000
"1596","102",�ﵵ�̵�1932-42,33.512000000000000,126.522999999999996,4050096400.000000000000000
"1597","101",�ϵ��ϵ�1491-1,33.511000000000003,126.525999999999996,4050096500.000000000000000
"1598","101",�ϵ��ϵ�1105-12,33.512000000000000,126.528999999999996,4050096600.000000000000000
"1599","101",�ϵ��ϵ�1105-18,33.512000000000000,126.528999999999996,4050096700.000000000000000
"1600","102",�ϵ��ϵ�1496-22,33.512000000000000,126.530000000000001,4050096800.000000000000000
"1601","101",�ϵ�1���ֹμ���,33.515000000000001,126.527000000000001,4050096900.000000000000000
"1602","102",���Ե�1429,33.515999999999998,126.527000000000001,4050097000.000000000000000
"1603","102",�ϵ��ϵ�1492-13,33.515000000000001,126.528000000000006,4050097100.000000000000000
"1604","102",���ֺ��ʵ��б�,33.515000000000001,126.522999999999996,4050097200.000000000000000
"1605","102",���Ե�1429,33.518000000000001,126.528000000000006,4050097300.000000000000000
"1606","102",���Ե�1047-1,33.517000000000003,126.536000000000001,4050097400.000000000000000
"1607","102",���Ե�1005-2,33.515999999999998,126.534000000000006,4050097500.000000000000000
"1608","101",���ֵ��ʵ��б�,33.515000000000001,126.533000000000001,4050097600.000000000000000
"1609","102",���Ե�918-58,33.518999999999998,126.533000000000001,4050097700.000000000000000
"1610","101",���Ե�731,33.515000000000001,126.540000000000006,4050097800.000000000000000
"1611","102",���Ե�1427-13,33.515999999999998,126.543000000000006,4050097900.000000000000000
"1706","102",���Ե�1429-1,33.517000000000003,126.531999999999996,4050107400.000000000000000
"1707","102",���Ե�712,33.517000000000003,126.539000000000001,4050107500.000000000000000
"1708","102",���Ե�1047-1,33.517000000000003,126.537999999999997,4050107600.000000000000000
